E:\Studierendenprojekte\proj-camera-controller_\modules\..\stored_images\240508_140746_images\images\image_00000.png,"[0.15987703219757682, 7.591218397491056e-05, 2.9090562448837983e-06, 4.65906734352404e-09, -4.715564743864788e-16, -3.043935032817168e-11, 2.6802767792776245e-16, 0.8182692307692307, 0.9770378874856487, 1276.5, 1.0256410256410255, 63.248317127898275, 77.51608077786088, 123.67838444278235, 40.0]"
E:\Studierendenprojekte\proj-camera-controller_\modules\..\stored_images\240508_140746_images\images\image_00001.png,"[0.15973384532615276, 1.503795261960768e-05, 1.2454010251705244e-06, 3.4302716392310168e-09, -7.206290810818523e-17, -1.2669578754305946e-11, 2.123094485341643e-16, 0.8647098515519568, 0.9884303895102198, 1281.5, 1.0263157894736843, 63.62220566318927, 90.52235469448584, 125.35022354694486, 39.0]"
E:\Studierendenprojekte\proj-camera-controller_\modules\..\stored_images\240508_140746_images\images\image_00002.png,"[0.15993142784367367, 9.41390988804133e-05, 1.4428924264127872e-05, 1.0218309743021641e-08, 2.6201400742762497e-15, 9.08284807671459e-11, -2.920541543992733e-15, 0.8220394736842105, 0.9788484136310224, 1249.5, 1.0526315789473684, 60.006111535523296, 77.9877769289534, 129.52177234530174, 40.0]"
E:\Studierendenprojekte\proj-camera-controller_\modules\..\stored_images\240508_140746_images\images\image_00003.png,"[0.15958132602912434, 1.649124507538565e-05, 2.517478658700435e-06, 5.4543107765585785e-09, 1.638551108260078e-16, -1.5699385903407557e-11, 6.177744505313621e-16, 0.8365384615384616, 0.9856495468277946, 1305.0, 1.0256410256410255, 56.29157509157509, 103.50769230769231, 133.589010989011, 40.0]"
E:\Studierendenprojekte\proj-camera-controller_\modules\..\stored_images\240508_140746_images\images\image_00004.png,"[0.1596693817008742, 2.6987064111935207e-05, 1.0324727386168511e-05, 5.427692940905608e-09, 5.954358107495264e-16, -2.816383743153879e-11, 1.1385824616316018e-15, 0.8421052631578947, 0.9850039463299132, 1248.0, 1.0263157894736843, 62.4238714613619, 76.29686304514155, 128.2708492731446, 39.0]"
E:\Studierendenprojekte\proj-camera-controller_\modules\..\stored_images\240508_140746_images\images\image_00005.png,"[0.1595518202315762, 1.8819083233736273e-05, 5.76298792022568e-07, 3.2309688202629448e-09, 1.1836987222446813e-16, 1.0252193646497075e-12, 7.366358773836813e-17, 0.8355769230769231, 0.9845166163141994, 1303.5, 1.0256410256410255, 45.00659824046921, 105.67888563049853, 137.58870967741936, 40.0]"
E:\Studierendenprojekte\proj-camera-controller_\modules\..\stored_images\240508_140746_images\images\image_00006.png,"[0.1598115483325636, 4.726622330777097e-05, 7.12559627499193e-08, 1.498850751136928e-09, -2.8984901600777263e-18, -9.549172177820301e-12, 1.5216283690254973e-17, 0.8489258489258489, 0.9811774128954746, 1225.0, 1.054054054054054, 60.26459143968872, 82.66225680933853, 140.49571984435798, 39.0]"
E:\Studierendenprojekte\proj-camera-controller_\modules\..\stored_images\240508_140746_images\images\image_00007.png,"[0.15951020952060985, 5.401834400039127e-06, 6.871461903892955e-08, 6.402111514394239e-10, 1.6712861871679506e-20, 8.36493621297688e-13, -4.2462548851869874e-18, 0.8451676528599605, 0.9884659746251442, 1285.5, 1.0, 43.59405204460966, 111.58364312267658, 142.51672862453532, 39.0]"
E:\Studierendenprojekte\proj-camera-controller_\modules\..\stored_images\240508_140746_images\images\image_00008.png,"[0.16039115483356656, 0.00022751322996625236, 3.919772559151451e-06, 1.1768530076469211e-08, -1.9134431956982673e-15, -3.643146587804256e-12, 1.6515617933264744e-15, 0.8243243243243243, 0.975609756097561, 1220.0, 1.0810810810810811, 65.0734375, 63.6171875, 164.61406250000002, 40.0]"
E:\Studierendenprojekte\proj-camera-controller_\modules\..\stored_images\240508_140746_images\images\image_00009.png,"[0.159475383673162, 9.628229349432746e-06, 5.337268815687776e-07, 1.0483464926237314e-09, 2.479093039284295e-17, -1.6640029810181528e-12, -5.924579798381367e-19, 0.825, 0.9801980198019802, 1287.0, 1.0256410256410255, 43.16852264291017, 113.45434298440979, 139.47290274684482, 40.0]"
E:\Studierendenprojekte\proj-camera-controller_\modules\..\stored_images\240508_140746_images\images\image_00010.png,"[0.16059961569408543, 0.00021566659572619992, 1.9495010828278092e-05, 4.6381424347839407e-08, -1.3798216176472556e-14, 1.723275671522758e-10, 4.1889986858148005e-14, 0.8260135135135135, 0.9764376996805112, 1222.5, 1.0810810810810811, 64.28939157566303, 81.57566302652107, 158.65522620904838, 40.0]"
E:\Studierendenprojekte\proj-camera-controller_\modules\..\stored_images\240508_140746_images\images\image_00011.png,"[0.1594918112888587, 6.58719048576343e-06, 4.979614778647137e-07, 9.719582800106506e-10, -1.3319479730094541e-17, -1.0771192416035995e-12, 1.672798752398082e-17, 0.8313609467455622, 0.9817546583850931, 1264.5, 1.0, 42.105740181268885, 112.49697885196375, 144.75075528700907, 39.0]"
E:\Studierendenprojekte\proj-camera-controller_\modules\..\stored_images\240508_140746_images\images\image_00012.png,"[1.1732913821377013, 1.3275555644140125, 0.11485819138812757, 0.09649275630603933, 0.01015813461769658, 0.11110005321893086, 6.572766254567958e-05, 0.39438657407407407, 0.5788300244187281, 2726.0, 5.333333333333333, 80.30227882037534, 57.94235924932976, 121.71112600536193, 192.0]"
E:\Studierendenprojekte\proj-camera-controller_\modules\..\stored_images\240508_140746_images\images\image_00013.png,"[1.1928902146775413, 1.3734011215131459, 0.05679115041179296, 0.04385679447449687, 0.0021886025146090195, 0.051295293415406694, 2.519162671877232e-05, 0.39305555555555555, 0.5485055595225952, 2688.5, 5.277777777777778, 77.06763611768685, 58.107879607710515, 127.20020290835306, 190.0]"
E:\Studierendenprojekte\proj-camera-controller_\modules\..\stored_images\240508_140746_images\images\image_00014.png,"[1.123266789388739, 1.2150981000567271, 0.010363676715747316, 0.006441083816956018, 5.2486668162587906e-05, 0.006918019591769604, 3.8185971109152945e-06, 0.42017468499427263, 0.5514422625199662, 2934.5, 5.388888888888889, 75.12927284027346, 60.39092604101926, 124.39061528899937, 194.0]"
E:\Studierendenprojekte\proj-camera-controller_\modules\..\stored_images\240508_140746_images\images\image_00015.png,"[1.0120256951194446, 0.9819350421730177, 0.024987156736262676, 0.019299291000785743, 0.00042377889056849154, 0.019095298041737697, 5.074418433874602e-06, 0.4451603665521191, 0.6200019942167714, 3109.0, 5.388888888888889, 72.81551976573938, 61.63923865300146, 124.03396778916544, 194.0]"
E:\Studierendenprojekte\proj-camera-controller_\modules\..\stored_images\240508_140746_images\images\image_00016.png,"[0.4367570160962104, 0.14710340943319689, 0.008065201436385696, 0.0025980417248809514, 1.1622295641551125e-05, 0.0009515083071006283, 2.52114372790227e-06, 0.4919786096256685, 0.6711409395973155, 6900.0, 2.493333333333333, 77.27045769764216, 47.258529819694864, 142.10235783633843, 187.0]"
E:\Studierendenprojekte\proj-camera-controller_\modules\..\stored_images\240508_140746_images\images\image_00017.png,"[0.5445189355250961, 0.2529597567679525, 0.009066825432795904, 0.003947261815453276, 2.3552303978473375e-05, 0.001972214329179016, 1.7073452314956693e-06, 0.5246408619313647, 0.6922013820335636, 5259.0, 3.1964285714285716, 81.47419880499729, 56.16838674633351, 142.36918341481078, 179.0]"
E:\Studierendenprojekte\proj-camera-controller_\modules\..\stored_images\240508_140746_images\images\image_00018.png,"[0.4390928836259563, 0.14975170571608065, 0.008081958057765149, 0.0027161889880354213, 1.2571987659441242e-05, 0.0010266864856433439, 1.9750799669701406e-06, 0.5031663121956614, 0.6979085979860573, 6757.5, 2.515112824275237, 77.47357203751065, 48.991901108269396, 149.14350667803353, 183.78750610351562]"
E:\Studierendenprojekte\proj-camera-controller_\modules\..\stored_images\240508_140746_images\images\image_00019.png,"[0.5278691405845376, 0.2366898446871244, 0.00891701741827486, 0.0038514660660082848, 2.2395831740245523e-05, 0.0018311986222547113, 2.805771189917612e-06, 0.5287108371854135, 0.6985613463626493, 5147.0, 3.2181818181818183, 82.33167495854063, 48.91136908052331, 145.01824212271973, 177.0]"
E:\Studierendenprojekte\proj-camera-controller_\modules\..\stored_images\240508_140746_images\images\image_00020.png,"[0.4304453764393982, 0.1414285511554507, 0.009823394459047495, 0.0035603829176414446, 2.098818239201383e-05, 0.0013320014879341503, 1.6885795274416872e-06, 0.4986646587910069, 0.6902051256331811, 6881.0, 2.4561505939526596, 78.62091594526667, 48.16210555710695, 151.81318067578889, 184.09796142578125]"
E:\Studierendenprojekte\proj-camera-controller_\modules\..\stored_images\240508_140746_images\images\image_00021.png,"[0.5267585323810922, 0.23688443343206564, 0.007014611187947395, 0.002828061801013109, 1.2434072705310281e-05, 0.0013270128745960382, 2.013671729971872e-06, 0.5293059761548569, 0.6999720904270165, 5016.0, 3.2338532238939144, 79.13513000569368, 52.412032643765414, 144.7618143860315, 175.05943298339844]"
E:\Studierendenprojekte\proj-camera-controller_\modules\..\stored_images\240508_140746_images\images\image_00022.png,"[0.42301462041224225, 0.13409752074758027, 0.010915541083208283, 0.004033352087117853, 2.6755374752819207e-05, 0.001476488275973819, 6.04443700089956e-07, 0.49608163679652206, 0.6939723320158103, 7023.0, 2.390590546587, 75.66698656429942, 52.20962434877982, 147.88332876336713, 183.96591186523438]"
E:\Studierendenprojekte\proj-camera-controller_\modules\..\stored_images\240508_140746_images\images\image_00023.png,"[0.82412888627226, 0.6440220982889514, 5.174460956766555e-05, 7.371683229375725e-05, -7.832728400102864e-10, 5.4199002452603795e-05, -4.484958370081154e-09, 0.47054125998225377, 0.6515942741291393, 5303.0, 4.6938775510204085, 71.82676884690785, 51.38745321689538, 123.73159864551774, 230.0]"
E:\Studierendenprojekte\proj-camera-controller_\modules\..\stored_images\240508_140746_images\images\image_00024.png,"[0.5314954078899156, 0.24151852389776546, 0.008883908844210722, 0.004132950418277279, 2.49820189285287e-05, 0.0020155268624323357, 1.7515331540680784e-06, 0.529994863893169, 0.705669151336935, 5159.5, 3.2181818181818183, 76.9761066864234, 47.99166512317096, 146.24708279310983, 177.0]"
E:\Studierendenprojekte\proj-camera-controller_\modules\..\stored_images\240508_140746_images\images\image_00025.png,"[0.8544338266631402, 0.6943843852773034, 0.0004569621048134027, 4.6705170929642525e-05, 5.8719468525604375e-09, 3.387298253108859e-05, -3.4750796292646333e-09, 0.48409877864966916, 0.659313421737514, 5320.0, 4.956322131842188, 71.06019176136364, 50.55184659090909, 128.72141335227272, 233.38265991210938]"
E:\Studierendenprojekte\proj-camera-controller_\modules\..\stored_images\240508_140746_images\images\image_00026.png,"[0.4924081197252683, 0.19989641976904052, 0.011699862475098124, 0.005704988949571771, 4.660519172497539e-05, 0.0025491359096105224, 6.18904610832678e-07, 0.5229868913857678, 0.6905909990108803, 5585.5, 2.966666666666667, 77.06776180698152, 56.143737166324435, 142.91683778234085, 178.0]"
E:\Studierendenprojekte\proj-camera-controller_\modules\..\stored_images\240508_140746_images\images\image_00027.png,"[0.8287085682597265, 0.6484475122968334, 9.412607533153548e-05, 0.00019039686341582032, 1.1912052694470514e-08, 0.000135598115536256, -2.2533703093099654e-08, 0.5086285300408854, 0.6565734681737061, 5518.5, 5.094459833108083, 70.8732466643859, 53.83321929524461, 128.62743756414642, 235.10357666015625]"
E:\Studierendenprojekte\proj-camera-controller_\modules\..\stored_images\240508_140746_images\images\image_00028.png,"[0.8609765026386033, 0.7049289569780924, 0.0002565516808170747, 1.385242324999915e-05, 1.5828770255902025e-10, -9.512554967582612e-06, 8.104901954633933e-10, 0.5088996594467129, 0.6719176383031505, 5417.0, 5.275089200308702, 69.43210306406685, 52.77402506963789, 132.60811281337047, 236.9617462158203]"
E:\Studierendenprojekte\proj-camera-controller_\modules\..\stored_images\240508_140746_images\images\image_00029.png,"[0.16010667142452545, 9.167190334122922e-06, 1.5964926668028993e-06, 1.7260209107218675e-08, -9.286999356667854e-16, 4.954952742736681e-11, 2.710497513168387e-15, 0.7805855161787365, 0.9740434531820804, 2533.0, 1.0727272727272728, 64.17990832696715, 58.20511841100076, 147.64247517188693, 59.0]"
E:\Studierendenprojekte\proj-camera-controller_\modules\..\stored_images\240508_140746_images\images\image_00030.png,"[0.16005262176666307, 1.6765206252267293e-05, 1.8620041374233924e-06, 7.310993213759427e-09, 6.206272818413288e-18, 2.7712141714874923e-11, 8.529889335246042e-16, 0.788135593220339, 0.977450793044143, 2557.5, 1.0727272727272728, 65.89405978055241, 53.6848278471434, 152.36360196746122, 59.0]"
E:\Studierendenprojekte\proj-camera-controller_\modules\..\stored_images\240508_140746_images\images\image_00031.png,"[0.15995478284825687, 3.635063362134277e-05, 9.333469883067844e-07, 1.1878938026820499e-09, -1.8331086047194155e-17, -4.518172854741743e-12, -3.504957590652232e-17, 0.7887345679012345, 0.9808098253694109, 2555.5, 1.1111111111111112, 60.65378787878788, 55.74431818181818, 153.9594696969697, 60.0]"
E:\Studierendenprojekte\proj-camera-controller_\modules\..\stored_images\240508_140746_images\images\image_00032.png,"[0.16007016778115968, 3.418295972146146e-05, 7.845109816661846e-07, 2.7190411148702036e-09, -1.300811591792944e-17, -1.5729335322143235e-11, 1.249052488181105e-16, 0.781060606060606, 0.9813439939082429, 2577.5, 1.0909090909090908, 64.34209538114908, 54.72399549380398, 148.05820503191887, 60.0]"
E:\Studierendenprojekte\proj-camera-controller_\modules\..\stored_images\240508_140746_images\images\image_00033.png,"[0.16009305610372687, 1.8552408635934624e-05, 1.938404967517538e-06, 2.6922117796516215e-08, -6.114077813790093e-15, -3.969058078193641e-11, -6.651793303197462e-16, 0.79757343550447, 0.9759718695057629, 2498.0, 1.0740740740740742, 52.396438250096786, 50.96864111498258, 178.25009678668215, 58.0]"
E:\Studierendenprojekte\proj-camera-controller_\modules\..\stored_images\240508_140746_images\images\image_00034.png,"[0.1607450474427342, 0.00023795245624783778, 7.233856500774736e-07, 2.7699806197463987e-09, -9.689977850324492e-17, 3.768425220106462e-11, 7.736213776703808e-17, 0.8018219832735962, 0.9754723837209303, 2684.5, 1.1481481481481481, 55.851838500360486, 59.918889689978364, 168.05659697188176, 62.0]"
E:\Studierendenprojekte\proj-camera-controller_\modules\..\stored_images\240508_140746_images\images\image_00035.png,"[0.17555245932464192, 0.001629750616712601, 0.0002617476023512318, 6.084590722820341e-06, -2.4273786593271964e-10, -1.490041638242548e-07, -6.39964682489501e-12, 0.7410468319559229, 0.8858883583072616, 2690.0, 1.2, 81.37291740517547, 37.88833746898263, 160.1676710386388, 66.0]"
E:\Studierendenprojekte\proj-camera-controller_\modules\..\stored_images\240508_140746_images\images\image_00036.png,"[1.1122509699905623, 1.1966662348556796, 0.040725360261312474, 0.033148900610816406, 0.0012178938262835397, 0.0361777047976652, -1.3513484059862198e-05, 0.44632034632034634, 0.5912827375262856, 3093.0, 5.6571428571428575, 71.4953495349535, 63.83228322832284, 122.4920492049205, 198.0]"
E:\Studierendenprojekte\proj-camera-controller_\modules\..\stored_images\240508_140746_images\images\image_00037.png,"[0.15951376934163228, 1.4241765069243489e-05, 7.440643416406696e-06, 6.222308558430288e-09, -1.1535247324471106e-15, -1.0179137907140985e-11, -6.796361410569944e-16, 0.8005547759983425, 0.977363236218822, 2331.5, 1.0226969454637527, 78.31040198922503, 59.160381268130955, 160.11355159552423, 54.57524108886719]"
E:\Studierendenprojekte\proj-camera-controller_\modules\..\stored_images\240508_140746_images\images\image_00038.png,"[0.15941127390778187, 1.4183767215042528e-05, 2.393607097804384e-06, 1.6008635919514966e-09, 8.641464320824284e-17, 1.2009154105564946e-12, -4.850369067011227e-17, 0.8198476052249637, 0.9871122761031018, 2259.5, 1.0192307692307692, 78.56586826347305, 53.84217279726261, 168.10136869118904, 53.0]"
E:\Studierendenprojekte\proj-camera-controller_\modules\..\stored_images\240508_140746_images\images\image_00039.png,"[0.17560029119329856, 0.001981984590720754, 0.0001990456154144981, 1.3106043828767105e-06, -2.113331899400422e-11, -2.835241013526787e-08, 1.2145410434477699e-12, 0.7291213868235463, 0.868496864938146, 2562.5, 1.1870416846082024, 83.13556797020483, 42.006703910614526, 162.468156424581, 64.58995819091797]"
E:\Studierendenprojekte\proj-camera-controller_\modules\..\stored_images\240508_140746_images\images\image_00040.png,"[1.0355637402343676, 1.034507571995921, 0.014802592527398335, 0.011117055704808969, 0.00014256073585982155, 0.011218626251710728, -3.7926854306604113e-06, 0.4887454981992797, 0.627855421686747, 3257.0, 5.764705882352941, 71.0019943019943, 63.94330484330484, 121.64700854700854, 196.0]"
E:\Studierendenprojekte\proj-camera-controller_\modules\..\stored_images\240508_140746_images\images\image_00041.png,"[0.15946458494226162, 2.1841733603979525e-05, 1.9539415665337377e-06, 1.9784283871012603e-09, 4.8341511983377125e-17, -6.788745355100432e-12, 1.1311176111646346e-16, 0.8313746438746439, 0.9856449229470129, 2334.5, 1.0384615384615385, 76.10931677018634, 54.48198757763975, 161.1167701863354, 54.0]"
E:\Studierendenprojekte\proj-camera-controller_\modules\..\stored_images\240508_140746_images\images\image_00042.png,"[0.15936575143810577, 1.1404226751129383e-05, 1.236475872175764e-06, 1.7049629228146113e-09, -4.793087340606378e-17, -5.355804966189737e-12, 6.189342904897747e-17, 0.8242017416545718, 0.9871794871794872, 2271.5, 1.0192307692307692, 73.83787234042553, 50.63063829787234, 169.5276595744681, 53.0]"
E:\Studierendenprojekte\proj-camera-controller_\modules\..\stored_images\240508_140746_images\images\image_00043.png,"[0.17564626082577423, 0.0025398746862031717, 0.0002626979123086953, 2.0217015803372435e-06, 4.2395068855801747e-11, 1.0179758399186092e-07, -1.9323507893418644e-11, 0.7244668911335578, 0.8743650524889942, 2582.0, 1.2222222222222223, 78.16913946587538, 38.73850148367953, 162.16839762611278, 66.0]"
E:\Studierendenprojekte\proj-camera-controller_\modules\..\stored_images\240508_140746_images\images\image_00044.png,"[0.9996684797144347, 0.9553986795306, 0.0007574925616763046, 7.482963059757768e-05, 1.1584017219582318e-08, 5.0107310774317975e-05, -1.353531987249407e-08, 0.44674387696981205, 0.5852869846402587, 4706.0, 4.978260869565218, 76.56201318154584, 55.47872977831037, 135.57619332933893, 229.0]"
E:\Studierendenprojekte\proj-camera-controller_\modules\..\stored_images\240508_140746_images\images\image_00045.png,"[0.9673705048985932, 0.8978640982599343, 0.0026803502176715394, 0.0011471164214630915, 1.9402532088286773e-06, 0.0009379201112953426, -5.30383955742626e-07, 0.49287173898938763, 0.6166651338177136, 3352.5, 5.539874653765019, 74.73232044198896, 66.007182320442, 114.52486187845305, 194.11871337890625]"
E:\Studierendenprojekte\proj-camera-controller_\modules\..\stored_images\240508_140746_images\images\image_00046.png,"[0.15948476177972584, 2.4487134644008248e-05, 2.4223158265290886e-06, 1.400347296224898e-10, -2.5725002206337317e-18, 6.91367844334731e-13, -1.8445889935881484e-19, 0.823539886039886, 0.9838332269729845, 2312.5, 1.0384615384615385, 70.68575010447138, 56.251567070622656, 162.2398662766402, 54.0]"
E:\Studierendenprojekte\proj-camera-controller_\modules\..\stored_images\240508_140746_images\images\image_00047.png,"[0.15939051826335032, 2.0004314850285197e-05, 7.018001368671829e-07, 1.6685431235075705e-10, 9.30635467674162e-19, 2.277140168326931e-13, -1.5472487975118507e-18, 0.8251088534107403, 0.9861231569817867, 2274.0, 1.0192307692307692, 69.6315342116447, 51.2150446238844, 172.15002124946875, 53.0]"
E:\Studierendenprojekte\proj-camera-controller_\modules\..\stored_images\240508_140746_images\images\image_00048.png,"[0.17206984448216656, 0.0014063665995986748, 0.000491210960376479, 4.376041027770973e-06, -1.9566578377641738e-10, -1.439721528236696e-07, 5.3650652282513733e-11, 0.7250279017857143, 0.891729581331503, 2598.5, 1.1428571428571428, 75.31771217712176, 40.47859778597786, 153.83431734317344, 64.0]"
E:\Studierendenprojekte\proj-camera-controller_\modules\..\stored_images\240508_140746_images\images\image_00049.png,"[1.0418799028585166, 1.0467634187449482, 0.0003986778990825924, 0.0002740869789387763, 9.037792582092436e-08, 0.00019464804447352798, 6.385611594684991e-09, 0.47286324786324785, 0.5967372252932452, 4426.0, 5.85, 72.65552971029815, 54.123704800169165, 146.3639247198139, 234.0]"
E:\Studierendenprojekte\proj-camera-controller_\modules\..\stored_images\240508_140746_images\images\image_00050.png,"[0.9830871673895323, 0.9255185168294696, 0.0033118062156421903, 0.0018006311364978575, 4.396572358630274e-06, 0.0017295987112338194, 7.020848059943445e-08, 0.460689818955326, 0.6009984283997412, 3250.5, 5.131254429322239, 73.33923472301542, 68.65705311250714, 122.09480296973159, 190.27536010742188]"
E:\Studierendenprojekte\proj-camera-controller_\modules\..\stored_images\240508_140746_images\images\image_00051.png,"[0.15942471238303368, 1.8093367328018566e-05, 7.279450439254552e-07, 6.086291633351391e-11, 1.3398899809829168e-19, 2.1639300449611221e-13, 3.8231557001496534e-19, 0.8116701607267645, 0.9834885690093141, 2323.0, 1.0188679245283019, 74.67415730337079, 54.47191011235955, 151.5222638368706, 54.0]"
E:\Studierendenprojekte\proj-camera-controller_\modules\..\stored_images\240508_140746_images\images\image_00052.png,"[0.15938820495783823, 2.5400548076375104e-05, 4.6193089068852794e-07, 2.4815599508905555e-10, 1.666087621156251e-18, 1.0154717690919187e-12, 2.0696097035086047e-18, 0.8212989840348331, 0.9858449477351916, 2263.5, 1.0192307692307692, 76.3932536293766, 53.24252775405636, 162.8394534585824, 53.0]"
E:\Studierendenprojekte\proj-camera-controller_\modules\..\stored_images\240508_140746_images\images\image_00053.png,"[0.17380519578030476, 0.0022078477708596146, 4.713129654642581e-05, 2.8004043534078306e-07, 8.668488689024828e-13, 1.3139590919913962e-08, 5.325857321749483e-13, 0.6870648516462293, 0.8592325227963525, 2261.5, 1.2017995006643327, 84.70434415858287, 42.55799240826655, 155.17840573597638, 62.894901275634766]"
E:\Studierendenprojekte\proj-camera-controller_\modules\..\stored_images\240508_140746_images\images\image_00054.png,"[1.0719666785360975, 1.1096005996152836, 0.007548283185148394, 0.00463903351162956, 2.7400071697462927e-05, 0.004809853533127903, 1.6788134486702711e-06, 0.42089537617554856, 0.5963219986120749, 4296.5, 5.2727272727272725, 69.6752992383025, 52.52818280739935, 154.64330794341677, 232.0]"
E:\Studierendenprojekte\proj-camera-controller_\modules\..\stored_images\240508_140746_images\images\image_00055.png,"[0.1595761004022349, 7.09914643927257e-05, 3.387574422459173e-07, 9.022046150775261e-10, -1.4657494326454716e-17, -3.895979412784761e-12, 5.8250563001874295e-18, 0.8253449527959332, 0.9865451388888888, 2273.0, 1.0588235294117647, 68.31802721088435, 52.51955782312925, 177.74447278911563, 54.0]"
E:\Studierendenprojekte\proj-camera-controller_\modules\..\stored_images\240508_140746_images\images\image_00056.png,"[0.15941603222136763, 3.475040529277205e-05, 1.6950028828880267e-07, 4.798128331808116e-11, -1.3200056301958255e-19, -2.2203511638496597e-13, 3.604590950378666e-20, 0.8107764876632801, 0.9845781009032827, 2234.5, 1.0192307692307692, 67.17250324254215, 47.60527453523562, 182.6952010376135, 53.0]"
E:\Studierendenprojekte\proj-camera-controller_\modules\..\stored_images\240508_140746_images\images\image_00057.png,"[1.0513126805385178, 1.0670786968736523, 0.011660542598346237, 0.00793203848876552, 7.618374552208916e-05, 0.008065877015449984, 3.920429781963751e-06, 0.4482758620689655, 0.6209837930054023, 4368.0, 5.523809523809524, 66.7656283566058, 55.64640171858217, 155.25649838882921, 232.0]"
E:\Studierendenprojekte\proj-camera-controller_\modules\..\stored_images\240508_140746_images\images\image_00058.png,"[0.1595852871235614, 4.771920106802107e-05, 6.498865935112382e-07, 5.581888731036729e-10, -1.0578007158515393e-17, 3.274992701945315e-12, 1.0641799408516914e-18, 0.8423076923076923, 0.9875986471251409, 2190.0, 1.04, 70.85449735449735, 53.97839506172839, 181.58112874779542, 52.0]"
E:\Studierendenprojekte\proj-camera-controller_\modules\..\stored_images\240508_140746_images\images\image_00059.png,"[1.0673133195626394, 1.0995395785238806, 0.01498328714996479, 0.010486460755786381, 0.00013138738349024722, 0.010925892371962924, 3.920840971831523e-06, 0.4243730407523511, 0.6002078281953585, 4332.0, 5.2727272727272725, 67.23261858349578, 58.48624648039853, 160.22308858566169, 232.0]"
E:\Studierendenprojekte\proj-camera-controller_\modules\..\stored_images\240508_140746_images\images\image_00060.png,"[1.0567561417279316, 1.0756512957305757, 0.025307904906059376, 0.018576509015110758, 0.00040274198012865193, 0.019240841450724147, 5.947483911923962e-06, 0.4387028869286287, 0.640822900651585, 4376.5, 5.395348837209302, 64.77835051546391, 63.50193298969072, 164.9828178694158, 232.0]"
E:\Studierendenprojekte\proj-camera-controller_\modules\..\stored_images\240508_140746_images\images\image_00061.png,"[0.16043939723648964, 2.455187591559785e-06, 3.7912312205861823e-06, 3.202772159024555e-08, 6.503547949848546e-15, -1.906986757965819e-11, -9.069623612819724e-15, 0.7790332705586943, 0.9629485935984481, 2482.0, 1.0925925925925926, 63.038925652004664, 60.340599455040866, 130.4484235110938, 59.0]"
E:\Studierendenprojekte\proj-camera-controller_\modules\..\stored_images\240508_140746_images\images\image_00062.png,"[0.16034411573538865, 2.2896964408249377e-06, 6.8178162276379825e-06, 2.3894371052030052e-08, 7.11586863430857e-15, -1.977662909381657e-12, -6.5096036559366225e-15, 0.7921455938697318, 0.9657454262358894, 2481.0, 1.0740740740740742, 63.08528037383177, 58.91861370716511, 133.7095015576324, 58.0]"
E:\Studierendenprojekte\proj-camera-controller_\modules\..\stored_images\240508_140746_images\images\image_00063.png,"[0.1605104214052134, 4.968566967107041e-05, 6.3504400156866754e-06, 5.408172076294364e-08, -5.093850762123099e-15, 2.7350067889196326e-10, -3.12820256942634e-14, 0.7628688010043942, 0.9637192704203014, 2430.5, 1.0925925925925926, 60.35850556438792, 61.595389507154216, 136.44992050874404, 59.0]"
E:\Studierendenprojekte\proj-camera-controller_\modules\..\stored_images\240508_140746_images\images\image_00064.png,"[0.1605902159312521, 3.717018362388592e-05, 5.638462560325186e-06, 3.9651536309336744e-08, -1.2456401899336179e-14, 2.1654677430732216e-10, -1.4012513653304398e-14, 0.7612994350282486, 0.9611650485436893, 2425.5, 1.0925925925925926, 63.61982484076434, 64.7141719745223, 135.89410828025478, 59.0]"
E:\Studierendenprojekte\proj-camera-controller_\modules\..\stored_images\240508_140746_images\images\image_00065.png,"[0.16067381353221227, 2.053662657936956e-05, 3.66770508535791e-06, 4.473702383506169e-08, 8.004421723733639e-15, -1.8166463934152172e-10, 1.6258031282481393e-14, 0.750046879987923, 0.9426623897353649, 2351.0, 1.0342678713258167, 58.976219762197616, 53.14883148831488, 167.42640426404262, 56.937530517578125]"
E:\Studierendenprojekte\proj-camera-controller_\modules\..\stored_images\240508_140746_images\images\image_00066.png,"[0.16053351637024313, 3.527047875710978e-05, 8.045945636916957e-06, 7.36942501260577e-08, -5.2024166143769316e-14, 3.299395837619419e-10, 2.2663837081648364e-14, 0.7479317746402091, 0.9560772434683832, 2525.0, 1.104022154947353, 62.15066921606118, 62.705162523900576, 160.7713193116635, 61.050411224365234]"
E:\Studierendenprojekte\proj-camera-controller_\modules\..\stored_images\240508_140746_images\images\image_00067.png,"[0.9026999068515593, 0.7796158799392525, 0.0035377989479282285, 0.002011903505932317, 5.357872220241855e-06, 0.0017583550556439004, -3.2242371017506044e-07, 0.5308733451886979, 0.7072255856804422, 5373.5, 5.738095238095238, 73.76937984496125, 58.88054968287527, 113.79122621564483, 241.0]"
E:\Studierendenprojekte\proj-camera-controller_\modules\..\stored_images\240508_140746_images\images\image_00068.png,"[0.41826557693909583, 0.12593480848804897, 0.015394065692203406, 0.005504333212914787, 5.0596329496272567e-05, 0.0019516914858250132, 2.693963573334681e-06, 0.47367492187854837, 0.6879099409219891, 7394.0, 2.361058550405451, 73.9279760354259, 50.62972128158375, 150.2023964574108, 191.9786376953125]"
E:\Studierendenprojekte\proj-camera-controller_\modules\..\stored_images\240508_140746_images\images\image_00069.png,"[0.8582518370076924, 0.7014866031772151, 0.002027706363369436, 0.0008153787608964516, 1.021435855189954e-06, 0.0006247036146925613, -2.3640075587493544e-07, 0.5318057455540356, 0.6942849853297615, 5442.5, 5.534883720930233, 71.61327310632383, 59.04482279360667, 117.06862404447533, 238.0]"
E:\Studierendenprojekte\proj-camera-controller_\modules\..\stored_images\240508_140746_images\images\image_00070.png,"[0.451013003173809, 0.1573150248516003, 0.012086300072545646, 0.004287051888572492, 3.085122705135026e-05, 0.001697980076288059, -7.018533568999825e-07, 0.4703597424412094, 0.6709764376996805, 6720.5, 2.473684210526316, 70.53419962873053, 46.67699557332571, 159.85549050406968, 188.0]"
E:\Studierendenprojekte\proj-camera-controller_\modules\..\stored_images\240508_140746_images\images\image_00071.png,"[0.8740323497265952, 0.7276333735212841, 0.005055137702255044, 0.002964748892732577, 1.1471474172311964e-05, 0.0025204095109771416, -3.7273834273811447e-07, 0.498338081671415, 0.6877908119798152, 5247.5, 5.2, 75.04390858376821, 63.85621738348029, 117.18895087277308, 234.0]"
E:\Studierendenprojekte\proj-camera-controller_\modules\..\stored_images\240508_140746_images\images\image_00072.png,"[0.45316704037411537, 0.16198385428744472, 0.0114717468143381, 0.004533125423114205, 3.2533400854669054e-05, 0.0018050343472226073, -3.193196431888915e-06, 0.478650158501298, 0.6841009627894874, 6572.5, 2.526946320977882, 71.29504603244192, 47.42539821715622, 165.49905012421453, 186.27484130859375]"
E:\Studierendenprojekte\proj-camera-controller_\modules\..\stored_images\240508_140746_images\images\image_00073.png,"[0.8310401042774557, 0.6547009450790943, 0.0026606999205280434, 0.0013583770251279735, 2.582132692285322e-06, 0.0010973191652410021, 3.913848467092053e-08, 0.5058825375861494, 0.6730916030534351, 5290.5, 5.128509778154802, 73.50938673341678, 65.03486500983372, 121.47076703021634, 231.58963012695312]"
E:\Studierendenprojekte\proj-camera-controller_\modules\..\stored_images\240508_140746_images\images\image_00074.png,"[0.4404848821977541, 0.15196717151288397, 0.010463312935823657, 0.004078486458620993, 2.6479808030199983e-05, 0.0015681808457737162, -2.9443639828664793e-06, 0.5259504843065184, 0.7263583750070236, 6463.5, 2.7836353870012625, 72.37366230677763, 47.4365338882283, 174.89179548156955, 184.95565795898438]"
E:\Studierendenprojekte\proj-camera-controller_\modules\..\stored_images\240508_140746_images\images\image_00075.png,"[0.4321704847360258, 0.14269753070653687, 0.010861262961452218, 0.003852092266788998, 2.490356048560136e-05, 0.0014541292940876088, -7.995959309231187e-07, 0.50910867706088, 0.7108168953687821, 6630.5, 2.5723671724669757, 68.55179918746373, 45.04889727219965, 180.7491294254208, 183.03509521484375]"
E:\Studierendenprojekte\proj-camera-controller_\modules\..\stored_images\240508_140746_images\images\image_00076.png,"[0.9091657426739421, 0.7888078860900468, 0.0047945562345950805, 0.0028593180289409417, 1.0584371815868627e-05, 0.002531364476930906, -2.3033869028342606e-07, 0.4626743626743627, 0.6450077113927446, 4809.5, 5.133333333333334, 77.57739366867354, 45.08933773548262, 138.98854146436202, 231.0]"
E:\Studierendenprojekte\proj-camera-controller_\modules\..\stored_images\240508_140746_images\images\image_00077.png,"[0.918484218559883, 0.8049932363903612, 0.002973393336471594, 0.0015081722508724922, 3.1811726429401958e-06, 0.001328346827259674, 2.832997435260758e-07, 0.46444759270472874, 0.6096488549618321, 4991.5, 5.055715749819611, 78.44511052828774, 45.98838516298239, 139.8298988385163, 233.0979766845703]"
E:\Studierendenprojekte\proj-camera-controller_\modules\..\stored_images\240508_140746_images\images\image_00078.png,"[0.8938175187984005, 0.762571570345715, 0.0034449604048800092, 0.0018873862863603584, 4.80655156632979e-06, 0.001636457135353557, 2.419891321778186e-07, 0.4922630560928433, 0.6731913768020104, 5090.0, 5.340909090909091, 76.92265193370166, 45.77716390423573, 141.30939226519337, 235.0]"
E:\Studierendenprojekte\proj-camera-controller_\modules\..\stored_images\240508_140746_images\images\image_00079.png,"[0.855520764998649, 0.6961406178140096, 0.002060703500628696, 0.0009705688565678217, 1.370565190823764e-06, 0.0008047260066336979, 7.490220147417186e-08, 0.5049953314659197, 0.6866628578683426, 5408.5, 5.288888888888889, 75.34590536057271, 47.26907630522088, 142.03509690937662, 238.0]"
E:\Studierendenprojekte\proj-camera-controller_\modules\..\stored_images\240508_140746_images\images\image_00080.png,"[0.4802731391439145, 0.18842449760125635, 0.01241600376918675, 0.005798262769617242, 4.918772898811181e-05, 0.0025153317648548396, 9.500034409021578e-07, 0.519231451425576, 0.7229875826280349, 5851.5, 2.9137210279029264, 62.839712136081125, 53.627412495911024, 133.8287536800785, 181.2078857421875]"
E:\Studierendenprojekte\proj-camera-controller_\modules\..\stored_images\240508_140746_images\images\image_00081.png,"[0.5124416080950701, 0.2197085819885527, 0.011406633167704556, 0.005094779779365973, 3.867135974176261e-05, 0.002358294929567686, 3.6035647415119768e-06, 0.4820761174886671, 0.6595900439238653, 5406.0, 2.8253966831506014, 60.53530551153372, 52.78129952456418, 145.7399189998239, 177.99996948242188]"
E:\Studierendenprojekte\proj-camera-controller_\modules\..\stored_images\240508_140746_images\images\image_00082.png,"[0.5169865319589402, 0.22688702846502942, 0.009537985989395096, 0.004526882110127412, 2.9660883005822348e-05, 0.0021335402543975076, 2.247354073581226e-06, 0.5251668305443534, 0.7083276820832768, 5222.5, 3.152861969328329, 59.93828738360417, 52.07960562351653, 152.02793500091292, 177.0692138671875]"
E:\Studierendenprojekte\proj-camera-controller_\modules\..\stored_images\240508_140746_images\images\image_00083.png,"[0.5135817993647874, 0.22195055576057862, 0.014939582993879543, 0.007835490065965645, 8.472734441422132e-05, 0.0036856005094528283, 2.846124969801073e-06, 0.5194270988204975, 0.7093739424703892, 5240.5, 3.1052631578947367, 60.38600328048114, 52.19227264443229, 149.66447967924185, 177.0]"
E:\Studierendenprojekte\proj-camera-controller_\modules\..\stored_images\240508_140746_images\images\image_00084.png,"[0.5188797925613603, 0.22752312665563396, 0.013559309598973838, 0.007037036973887041, 6.873899439725362e-05, 0.0033562147340534887, 8.893026430469193e-08, 0.4936765220405115, 0.6985284280936455, 5221.5, 2.934400863729755, 60.84877959258579, 54.638832813360246, 153.92879427417876, 176.17169189453125]"
